[
  {
    "title": "KUNG FU PANDA 4",
    "overview": "After Po is tapped to become the Spiritual Leader of the Valley of Peace, he needs to find and train a new Dragon Warrior, while a wicked sorceress plans to re-summon all the master villains whom Po has vanquished to the spirit realm.",
    "posterurl": "https://www.myvue.com/-/jssmedia/vuecinemas/img/import/a223aaeb-6a2d-4561-92f0-e3efa105a21e_kung-fu-panda-4_posters_kf4_intl_dgtl_payoff_1sheet_uk_712px.jpg?mw=450&rev=7239547d058742c7b4ee0899fe51c29e",
    "runtime": "1hr 34mins"
  },
  {
    "title": "CIVIL WAR",
    "overview": "In the near future, a team of journalists travel across the United States during a rapidly escalating civil war that has engulfed the entire nation.",
    "posterurl": "https://www.myvue.com/-/jssmedia/vuecinemas/film-and-events/apr-2024/civil-war_sun_1sht_imax.jpg?mw=450&rev=6eb928814f0f4676a666f6f9552ff2e4",
    "runtime": "1hr 49mins"
  },
  {
    "title": "BACK TO BLACK",
    "overview": "Follow the life and music of Winehouse, who started out as a jazz singer to eventually become a Grammy-winning music superstar.",
    "posterurl": "https://www.myvue.com/-/jssmedia/vuecinemas/film-and-events/jan-2024/backtoblack.jpg?mw=450&rev=ff98831535e845679aaeca281ae8ce70",
    "runtime": "2hr 2mins"
  },
  {
    "title": "THE FIRST OMEN",
    "overview": "When a young American woman is sent to Rome to begin a life of service to the church, she encounters a darkness that causes her to question her own faith .",
    "posterurl": "https://www.myvue.com/-/jssmedia/vuecinemas/img/import/d7f029cd-78a2-4f3b-a9f0-60898ec0751c_the-first-omen_posters_first-omen-the_teaser_1sheet-poster_unit.jpg?mw=450&rev=8628e0e3685f499fb16c21e5a9796491",
    "runtime": "1hr 59mins"

  },
  {
    "title": "MIGRATION",
    "overview":"A family of ducks decides to leave the safety of a New England pond for an adventurous trip to Jamaica. However, their well-laid plans quickly go awry when they get lost and wind up in New York City.",
    "posterurl": "https://www.myvue.com/-/jssmedia/vuecinemas/img/import/fddf86f4-a848-4ffd-9a05-b602edc77b70_migration_posters_mig_intl_dgtl_one_sheet_opt_1_landing_uk_712p.jpg?mw=450&rev=69acf0619d6946d596b112f278bf4bd5",
    "runtime": "1hr 30mins"
  }
]
